{"_runtime":222.4582278,"epoch":5,"val_acc":0.6987,"_step":4,"epoch_time_sec":44.01867985725403,"_wandb":{"runtime":222},"train_acc":0.9142,"val_loss":1.1868733222961425,"train_loss":0.25187282150745394,"_timestamp":1.7503235840460598e+09}